{"cameraMode":{"drawMode":0,"name":"Shaded","section":"Shading Mode"},"sceneLighting":true,"audioPlay":false,"sceneViewState":{"m_AlwaysRefresh":false,"showFog":true,"showSkybox":true,"showFlares":true,"showImageEffects":true,"showParticleSystems":true,"showVisualEffectGraphs":true,"m_FxEnabled":true},"in2DMode":false,"pivot":{"x":2.969045400619507,"y":-0.000043582269427133724,"z":35.90285110473633},"rotation":{"x":-0.4240657687187195,"y":-0.01655140332877636,"z":0.007802935782819986,"w":-0.9054682850837708},"size":5.104450702667236,"orthographic":false}